abonætter	brunetter
adan	adam
adans	adams
affærd	affære
afs	gas
akorden	akkorden
aktig	agtig
albehold	alkohol
alde	aldrig
aleske	elskede
alist	alice
alligeggel	alligevel
allske	elskede
allsverk	elsker
altebæk	alt_tilbage
altrænen	altanen
alvis	elvis
alvos	alle_vores
ammer	arme
anamoritas	annamaritas
andeligt	åndeligt
annen	anden
annet	andet
ansig	ansigt
antikommasjel	antikommerciel
artor	arthur
avokaten	advokaten
avokater	advokater
avokator	advokater
bakspeget	bakspejlet
balet	ballet
bandelarmen	brandalarmen
bargspejlet	bakspejlet
bedsker	elsker
behåld	behold
benner	venner
berymd	berømt
berøbt	berøgtet
biligt	billigt
bli	blive
blib	blip
blir	bliver
blivet	blevet
blivt	blip
bloose	bluse
blynd	blind
blænker	blinker
bobbler	bobler
bodd	brød
boxen	boksen
bremner	brænder
brudster	bryster
bruget	brugt
bruneøjne	brune_øjne
bræller	briller
bræmte	brændte
bræster	brister
bræv	brev
brødster	bryster
brøster	bryster
bæng	bænk
bænge	bænk
bængig	bænk_i
bæret	båret
bøden	døden
bøse	bøsse
calde	kalde
calder	kalder
chek	tjek
chipsjard	ships_that
chøb	køb
cinus	sinus
clayboy	playboy
corned	kornet
cv_sir	cv_siger
dalbomt	album
dane	dage
dangler	dangleterre
dangletschab	dangleterre
dannebro	dannebrog
dansegoldet	dansegulvet
dansegålet	dansegulvet
dansket	dansk
daquiri	daiquiri
definningstrument	et_fint_instrument
dekoret	dekoreret
derhjem	derhjemme
desamme	det_samme
designeer	designer
di_belød	diller
diamanik	diamant
digitar	guitar
dilde	lille
discothek	diskotek
diskodrøningen	diskodronningen
dj_n	dj_en
dokter	doktor
dollargreen	dollargrin
dommede	dummede
dreget	drej
drejder	drejer
drenger	drenge
drækker	drikker
dræm	drøm
drænge	drenge
drængene	drengene
drømde	drømte
drømepi	drømmepige
drøp	drop
dsp_stationen	dsb_stationen
dybbel	dybbøl
dybbelmølle	dybbøl_mølle
dyrer	dyrt
dårdt	koldt
dødløs	lydløst
døg	døgn
ekonomien	økonomien
eksploge	eksplodere
elitød	eliten
ellis	alice
elser	elsker
elskpe	elske
elskule	elskede
elved	helvede
emlen	himlen
enda	endda
enget	engen
englerne	englene
ensensynligvis	sandsynligvis
ensigt	ansigt
enskid	en_skid
escobay	escobar
etikære	etiketter
faldder	falder
fangt	fanget
fanske	falske
fantasie	fantasi
farvn	favn
fasade	facade
fasader	facader
favori	favorit
favoritelt	favorithotel
fejke	feje
fejkeste	frækkeste
fingrebøl	fingerbøl
fjeler	fjedre
fjerd	fjer
fjerg	fjer
flermen	flammen
flesten	festen
flomst	voldsomt
fløjende	flyvende
fol	fuld
forbage	forbi
fordan	hvordan
fordannelser	forbandelser
foretiden	fortiden
forfæn	for_fanden
forfænst	for_fanden
forhåndeligt	forhåbentlig
forhåttelig	forhåbentlig
forhøj	for_høj
forklappe	forklare
forklart	forklaret
forkledt	forklædt
fornætet	fornærmet
forsender	forsvinder
forstilling	forestilling
forståd	forstået
forvel	farvel
forvæld	farvel
forældsket	forelsket
forælsket	forelsket
fredelag	fredag
frejeliten	fra_eliten
frejkeste	frækkeste
frejliden	fra_eliten
frekt	frækt
frima	firma
frisenet	frisindet
frygget	frygtet
frøgtet	frygtet
ful	fuld
fuldes	fulgtes
fuldsamme	fuld_som_et
fuldsomt	fuld_som
fulg	fugl
funktioneres	funktionær
fyvernud	flyver_nu
fæfterfist	efterfest
fæstede	festede
følgt	fulgt
følsen	følelsen
garasjen	garagen
gardneri	gartneri
gennemskose	gennemskue
genster	gangster
genær	genert
gi_er	giver
gitar	guitar
gitaren	guitaren
glede	glæde
glår	glor
glæmmer	glemmer
goldet	gulvet
grafittig	graffiti
gramophon	grammofon
gribte	greb
grummer	grumme
guldgrøntander	guldkrontænder
guldkarade	guldkarater
gullet	gulvet
gullup	gulvet
gålet	gulvet
gænder	kender
gærlighed	kærlighed
gønger	gynger
hadde	havde
hammerfedet	hammerfedt
hanskere	handske
hardtisk	harddisk
hatt	hat
havesblå	havets_blå
helig	hellig
helikoret	hele_koret
helved	helvede
helvesflammer	helvedesflammer
hendeskin	hendes_kind
hermafrudit	hermafrodit
hermerfrost	permafrost
hernå	her_nu
himmelens	himlens
himmen	himlen
hjern	hjerne
hjert	hjerte
hjertel	hjerte
hjertere	hjerter
hjerteslå	hjerte_slår
homisler	homies
hosnakker	hun_snakker
hotell	hotel
hulet	huler
hundret	hundred
hverden	verden
hvite	hvide
hål	hold
håller	holder
hælpe	hjælpe
hæmmel	himmel
hænda	hænder
hævel	have
igår	i_går
ik	ikke
ikk	ikke
imellemmærs	imellem_os
imorg	i_morgen
imorgel	i_morgen
imorgen	i_morgen
imånes	i_morges
indet	intet
indtød	intet
indudtryk	indtryk
intersterede	interesserede
intervjuer	interviewer
isabelah	isabella
istegader	istedgade
jadeknuse	hjerteknuser
jakuer	jaguar
jermet	hjemmet
jevn	jævnt
jiggelord	gigolo
jin	gin
jordbaris	jordbæris
jordklåden	jordkloden
jubønna	jubel
julebøn	jubel
kaliner	kaniner
kaller	kalder
kampings	camping
kanine	kaniner
kapella	kapellet
kartofføl	kartoffel
katalakt	cadillac
katastrof	katastrofe
kej	kaj
keste	gæste
kiggts	kiks
kinen	kinden
kita	guitar
kitara	guitaren
kjæde	kæde
kjæler	sjæle
klakken	klokken
klambenborg	klampenborg
klokset	klodset
klug	kloge
klær	klæder
kløs	knubs
knapen	knappen
knepet	kneppet
knipret	kniber
knusklads	knust_glas
kofodskolen	kofoeds_skole
kogstalt	kostald
kompass	kompas
kopiikmeter	kubikmeter
korned	kornet
korumperet	korrumperet
kramle	gamle
kring	omkring
krokset	klodset
kropp	krop
kru_r	krop
krupe	gruppe
krydelået	grydelåget
krydsanshavn	christianshavn
krylder	krøller
krylger	krøller
krystalkulerne	krystalkuglerne
kuldte	kulde
kunstfør	kunst_før
kuse	kysser
kæmpt	kæmpet
kænder	kender
kærlighedsbron	kærlighedsbroen
kæste	gæste
kølder	krøller
køner	kører
kønner	kører
køret	kørt
køs	kys
køse	kysse
køser	kysser
køst	kys
køstet	kysset
laem	lad
lage	lege
laje	lege
lamben	lampens
lambenes	lampernes
langen	lange
langød	langørede
laskanalen	langs_kanalen
lastvig	lad_os
ledden	læben
leksen	lektien
limosin	limousine
litter	liter
locker	lukker
lortorin	lotteriet
lov_er	lover
lukk	luk
lult	lort
lyklig	lykkelig
læksen	lektien
læmme	lad
længers	længes
længød	langt
lænst	læst
lærebo	lærebog
læreken	lærken
lærpen	lærken
lærten	lærken
løgbøjner	løgner
løgøjner	løgner
løjne	løgne
løjner	løgner
løster	lyster
m_chte	möchte
mandalai	mandalay
mandalej	mandalay
mannen	manden
mellemmås	mellem_os
melodin	melodien
mntv	mtv
modell	model
monen	månen
moskee	moské
motorbål	motorbåd
murel	muren
mye	nye
månskeden	måneskin
måten	måden
mændker	mennesker
mærksomhed	opmærksomhed
nabuerne	naboerne
naten	natten
natt	nat
nattefraven	natteravn
negatjage	nik_og_jay
negatjæ	nik_og_jay
negatjæt	nik_og_jay
neppe	næppe
nierenlys	neonlys
nædder	nætter
nøjn	nøgen
olje	olie
omejen	omegnen
omle	mumle
omvendet	omvendt
ondere	andre
opgiften	opgaven
opru	bruge
opræs	oprejst
overbeve	overleve
overby	over_by
panker	banker
peng	penge
pengepongen	pengepungen
penger	penge
pepslimaxi	pepsi_max
pi_er	piger
pide	pige
pie	pige
piersir	piercing
pigeren	pigerne
pilsomærksommed	opmærksomhed
pittestal	piedestal
pladselskaberne	pladeselskaberne
plige	pige
plæer	player
plæst	blæst
pokkersteil	pokkers_til
poæt	poet
praberat	præparat
preistens	præstens
pringer	springer
privafester	privatfester
probandet	forbandet
præsenteringer	præsentationer
psykropat	psykopat
pushermangen	pushermanden
pælfinger	pegefinger
pøbenhavn	københavn
ramashang	ramaskrig
religio	religion
relisere	realisere
remmer	rammer
restaurang	restaurant
robotrøb	rotteræs
rokskjerner	rockstjerner
romantiket	romantikken
roper	råber
ropte	råbte
rullestil	rullestol
rullestind	rullesten
rulløstig	rullesten
rumød	humør
rusjen	rusen
rysselen	rislen
råser	roser
råv	rov
ræd	ret
rædde	rette
rødede	røde
røgtige	rigtige
røn	røg
røvn	røv
sage	sagde
samtunggalaxi	samsung_galaxy
sandpider	sandheder
sant	sandt
selvfølger	selvfølgelig
senert	genert
sensasjonel	sensationel
septanger	september
sikkerligt	sikkert
siluet	silhuet
simpelig	simpelthen
singet	sunget
sjaloci	jalousi
sjenert	genert
sjokolab	chokolade
sjæler	sjæle
sjællent	sjældent
ska	skal
skattevæslet	skattevæsnet
skender	skinner
skidtes	skiftes
skinde	skinne
skinder	skinner
skinderstidt	skændtes_tit
skiner	skinner
sko_er	skruer
sko_r	skruer
skoer	sko
skraf	skrab
skravløn	skrabelod
skubbed	skubbede
skålsten	skorsten
skældne	skelne
skævde	skævt
skørste	skønneste
slapp	slap
slett	slidt
slittet	slidt
slutt	slut
smakte	smagte
smale	smalle
smel	smil
smening	mening
smidtasken	smid_tasken
smining	mening
smok	smuk
smokere	smukkere
smot	småt
snabts	snaps
snole	stole
snær	sne
solblæst	sol_og_blæst
solned	solnedgang
solskid	solskin
solskind	solskin
sommerhud	sommerhus
spilet	spillet
spill	spil
sportsman	sportsmand
springt	sprængt
sprug	sprog
språk	sprog
språv	sprog
spurt	spurgt
stackels	stakkels
standbejde	standby
stedestud	stjerneskud
stegade	istedgade
stegaden	istedgade
stillhed	stilhed
stocken	storken
stolet	stolede
stopt	stoppet
strets	stress
strivre	stribet
strunt	ondt
stræger	streger
stræng	streng
strænger	strømper
strøjninger	strygninger
stul	stol
stålet	stjålet
stærkeshul	stjerneskud
stærle	stjerne
stærn	stern
størvester	øst_og_vest
supernole	supernova
svandvid	vanvid
svigning	svin
svindelig	svimmel
svinner	forsvinder
svænger	svinger
syger	søger
syggen	sikken
sygner	syvende
synget	sunget
syvne	syvende
søndermagløn	søndermarken
søndervip	søndervig
søste	søster
tabentin	terpentin
tabete	terpentin
talpænt	tal_pænt
tatover	tatoveret
tegila	tequila
temlig	temmelig
tempelets	templets
tent	tændt
tidsløs	tidløs
tilgivelig	tilgængelige
tilsdag	tirsdag
tilsigde	til_sin
timblæk	øjeblik
tipen	tippen
toiletnet	toilettet
topgjørnen	topgun
topgøren	topgun
torg	tolv
trappende	terpentin
travolter	travolta
triner	griner
trinke_tank	tænketank
tros	trods
træs	tres
trætopp	trætop
trøgt	trygt
trømmer	drømmer
tu_er	to
tusen	tusind
tæmpe	tæmme
tænket	tænkt
tænketang	tænketank
tænktetang	tænketank
tørr	tør
tørstil	tørstig
uaktuellt	uaktuelt
ubalanse	ubalance
ubendig	ubændig
udskrivlig	ubeskrivelig
uimålstående	uimodståelig
ungdomen	ungdommen
ungler	jungler
universke	universel
uækkeligt	ulækkert
vandhød	vandhul
varken	hverken
velviden	velvidende
vendet	ventet
vendinggang	ven_en_gang
venindgang	ven_en_gang
venænder	veninder
verken	hverken
vesterbo	vesterbro
vestet	festede
videobåren	videobånd
vildne	vidne
vinserapparatur	vinsapparatur
visselen	hvislen
vosnyacchi	wozniacki
vuffet	vuf
vægst	vækst
væro	være
wuffet	vuf
ågøjner	øjne
ælse	elske
ælske	elske
ænske	ønske
øjeet	øjet
øjn	øjne
øjnen	øjnene
øjner	øjne
øjsten	øjesten
ønglingstidsfordri	yndlingstidsfordriv
ønglingstidsfordriv	yndlingstidsfordriv
øvrug	øre
